Features,PC1,PC2,PC3,PC4,PC5,PC6,PC7,PC8,PC9,PC10,PC11,PC12,PC13,PC14,PC15,PC16,PC17,PC18,PC19,PC20,PC21,PC22,PC23,PC24,PC25,PC26,PC27,PC28,PC29,PC30,PC31
0_A_Steps2BN,2.01E-16,3.54E-16,-2.72E-17,3.63E-16,-1.05E-16,-4.56E-16,1.99E-17,-2.46E-16,2.01E-16,-4.22E-16,4.72E-16,-9.05E-17,-1.65E-16,-1.35E-15,-9.82E-16,-1.10E-15,1.62E-15,-6.30E-16,0.994217662,-0.074334844,0.056655202,-0.019622148,0.010682561,-0.010543857,0.006060339,0.001250891,-0.004619655,0.035122788,0.008943158,0.003308442,-0.004019917
1_A_Steps2BN,-1.41E-17,1.92E-17,-1.92E-17,1.61E-17,8.48E-18,-5.93E-18,-5.88E-17,6.90E-17,-2.37E-17,-1.11E-16,7.86E-17,1.78E-16,-5.61E-17,1.14E-16,2.51E-17,1.65E-16,7.21E-16,-3.55E-17,0.000535843,0.186493663,0.126681751,0.389119669,0.06511239,-0.119402223,-0.07096971,0.407784296,0.566163009,0.475470227,0.17780237,-0.000329378,0.03007555
1_B_Steps2BN,0.022546073,-0.016582099,0.035055046,-0.008593123,-0.100703914,0.214125088,0.041800875,-0.041190228,0.049667354,0.044022244,0.033204024,-0.094472511,-0.020859079,-0.06755363,-0.024175236,0.007157446,0.003243678,-0.026634137,0.051025406,0.407985255,-0.211508778,0.081232088,-0.228341341,0.063576396,-0.204133539,0.070729941,-0.189498963,-0.013698125,0.040453862,0.050274305,-0.163640363
2_A_Steps2BN,1.04E-17,-7.56E-18,-1.27E-17,-2.89E-18,8.75E-18,5.64E-18,-2.59E-17,1.29E-17,3.60E-17,-2.65E-17,3.12E-17,-8.45E-17,4.19E-18,-6.88E-17,-1.54E-16,9.97E-17,1.53E-16,4.49E-16,-0.003504284,-0.055108269,-0.011349743,-0.011115968,-0.004570785,0.034560394,-0.153517709,-0.209840307,0.109487479,0.069301315,0.001213085,-0.00362354,-0.012337798
3_A_Steps2BN,2.45E-17,-5.04E-17,6.26E-17,3.90E-17,-1.27E-16,1.64E-17,-1.82E-16,-3.14E-18,-1.61E-16,-3.41E-16,2.05E-16,-2.66E-16,-7.76E-17,2.47E-18,-2.89E-16,-2.35E-16,1.59E-15,-1.29E-15,0.004357437,-0.229656266,-0.137357118,0.277145773,-0.103964942,0.892901121,0.161186838,0.106942749,0.029121871,0.032079654,0.014933271,-0.000561848,0.003418942
3_B_Steps2BN,-6.90E-17,-1.83E-17,8.48E-17,1.35E-17,-5.42E-17,-2.29E-16,-9.14E-17,2.57E-16,-1.11E-16,3.02E-16,5.20E-16,-8.03E-17,1.22E-16,3.32E-16,-1.86E-16,-8.62E-17,-2.83E-16,-5.90E-17,-0.036573456,0.049654232,0.83963154,0.01078432,-0.159740428,0.15568393,-0.178075926,0.050511172,-0.063458532,-0.141355158,-0.02789245,0.078186176,-0.047684253
3_C_Steps2BN,-0.091709803,-0.08224605,0.139496573,0.021770057,-0.017353686,-0.060189159,-0.045109253,0.013892623,-0.001618347,0.014993521,-0.014250982,-0.055913341,-0.016877016,0.032239398,-0.145129187,0.006207193,-0.007374855,-0.011733138,0.011718048,0.144502838,0.143843829,0.079668225,0.007522764,0.040021596,0.034400681,-0.079090886,-0.019653795,-0.067606647,-0.076035797,-0.329252044,0.126504893
4_A_Steps2BN,0.005777061,-0.00564889,0.027150187,0.030311218,0.252888109,0.081146412,-0.066201349,0.385640406,-0.165932389,0.006518868,-0.030439136,0.081292481,0.015265682,0.042338334,0.020931238,-0.001999438,0.00254488,0.021458399,-0.002285449,-0.3282538,-0.052443795,0.635756909,0.020823983,-0.221991847,-0.258515586,-0.006330404,-0.18958954,-0.217163233,-0.074198869,-0.046244286,-0.014897056
4_B_Steps2BN,0.011117149,-0.010391534,0.050590128,0.055937289,0.410702782,-0.029383725,-0.07392806,-0.149577456,0.172904442,-0.147179448,0.001211881,0.028469141,0.084071203,0.023286783,0.013385184,0.014501121,0.021885513,0.004387935,0.005265404,0.028135736,-0.048125737,-0.007067981,0.084761578,0.008348814,0.001770418,0.057806428,0.06784012,-0.142450744,0.045317422,0.728429015,-0.201155899
4_C_Steps2BN,0.029564428,0.011634684,0.006594949,-0.026851332,0.099430399,0.010331836,0.146907345,-0.143256313,-0.254572002,0.02573801,0.099875379,-0.081591595,-0.114928869,-0.013512987,-0.040792917,-0.049881189,-0.104901986,-0.197469834,-0.023565846,-0.152871878,0.029522539,-0.100667939,0.164918464,0.009201671,0.004877796,0.075612629,0.054984355,0.01988898,-0.006151024,-0.017220897,0.012459664
4_D_Steps2BN,0.095909376,0.173431199,0.151552606,0.025852358,-0.015617315,-0.049634813,-0.002048399,0.00120338,-0.037970829,-0.041003856,-0.014747792,0.105386431,-0.000584205,-0.2492873,-0.08839734,0.039517751,0.050357783,0.036777551,0.002430159,0.084724271,-0.037759712,0.026831355,-0.146632616,-0.006780681,-0.025071795,0.01035654,-0.226943373,0.159701823,-0.037234178,0.051689228,-0.018148556
5_A_Steps2BN,0.002288592,-0.043997479,-0.005964004,0.023310436,0.086610794,-0.060996328,0.088704237,0.013668351,0.139398389,0.310965719,0.053886008,0.124211291,-0.15703423,-0.005621148,-0.01584678,0.009685895,0.061677153,0.30013174,0.004062693,-0.024443236,-0.055260252,-0.028120447,-0.262669628,0.00556661,-0.089472275,-0.013027749,0.085698602,0.030581967,-0.032317705,0.010657878,-0.007530488
5_B_Steps2BN,0.010911142,-0.036541793,-0.018508227,0.021621632,0.091969189,-0.050452729,0.183675984,0.017833999,0.11988246,0.210402733,-0.219354533,0.030706887,-0.171258183,-0.018832594,-0.006501572,0.024670422,0.024361381,0.308363276,0.012061315,0.266577952,0.077670724,0.143556223,0.711985496,0.112654934,0.152852115,-0.121642782,-0.151975495,-0.014309953,-0.010968723,-0.024427717,-0.036984628
5_C_Steps2BN,0.036086567,-0.026568192,-0.010384607,-0.010809725,0.037902951,-0.030118529,0.015927781,-0.055658685,-0.085290473,0.24329493,-0.080133309,-0.068747894,0.385844667,-0.064036231,-0.026138044,-0.103664074,0.015330608,0.00737801,0.002251901,0.015702653,-0.004347098,0.010604628,-0.01937935,-0.006991412,0.010203334,0.018459287,-0.034476065,0.015312562,-0.011709791,0.054090004,0.11307061
5_D_Steps2BN,0.196542,-0.147508432,0.030442126,0.015435928,-0.024396522,-0.029620625,-0.012559035,0.006590925,-0.005698816,-0.030488905,0.002714296,0.012610608,-0.012610428,0.009207785,0.00632717,0.001810655,-0.001368149,-0.00114413,-0.031216274,-0.238015983,0.080087869,-0.072333822,0.063939741,-0.021640638,0.026968895,0.020420775,-0.079237881,0.150183051,-0.007992426,-0.041846139,0.0216692
6_A_Steps2BN,-0.009297259,0.00812117,-0.05437886,0.292802605,-0.022782337,0.003102205,0.00309931,-0.009328203,-0.023802104,0.002935434,0.007897795,-0.017856717,-0.000173923,-0.004226858,-0.001589502,0.000436055,0.001221233,-0.002379988,-0.001742606,-0.023594477,0.043031151,0.022756533,-0.071382499,-0.163592693,0.559280251,0.600432607,-0.250052562,-0.174373337,-0.041830945,-0.05768407,-0.058381146
0_A_2ndDeg,1.29E-19,1.87E-18,9.70E-19,-3.30E-19,6.32E-19,-6.78E-18,-3.97E-18,-7.33E-19,-1.06E-17,-1.18E-17,2.69E-18,2.24E-17,-1.66E-19,-6.17E-17,-1.46E-17,8.58E-18,1.07E-17,2.42E-17,-0.002557816,-0.019211087,0.006113352,-0.007275582,0.005133557,-0.001695893,0.001067499,-0.00255735,-0.027354259,0.032160721,0.007990336,0.150328704,0.481049907
1_A_2ndDeg,0.022546073,-0.016582099,0.035055046,-0.008593123,-0.100703914,0.214125088,0.041800875,-0.041190228,0.049667354,0.044022244,0.033204024,-0.094472511,-0.020859079,-0.06755363,-0.024175236,0.007157446,0.003243678,-0.026634137,-0.002980821,-0.027384416,-0.000485694,0.027103885,0.054268289,0.002047325,-0.089471849,0.039636008,-0.194358447,0.124363614,-0.004584561,0.156142497,0.264256434
1_B_2ndDeg,0.022546073,-0.016582099,0.035055046,-0.008593123,-0.100703914,0.214125088,0.041800875,-0.041190228,0.049667354,0.044022244,0.033204024,-0.094472511,-0.020859079,-0.06755363,-0.024175236,0.007157446,0.003243678,-0.026634137,-0.018988205,-0.173551622,0.064341208,0.01837925,0.04969535,-0.041349788,0.06602545,-0.071605131,-0.146050162,0.173237921,0.031258968,0.081129887,-0.036532027
2_A_2ndDeg,0.022546073,-0.016582099,0.035055046,-0.008593123,-0.100703914,0.214125088,0.041800875,-0.041190228,0.049667354,0.044022244,0.033204024,-0.094472511,-0.020859079,-0.06755363,-0.024175236,0.007157446,0.003243678,-0.026634137,-0.019473418,-0.140446032,-0.048037559,-0.192421605,0.287760369,0.095462379,-0.52177414,0.447721606,-0.242202352,0.093876749,0.021907389,-0.040741392,-0.113406489
3_A_2ndDeg,0.022546073,-0.016582099,0.035055046,-0.008593123,-0.100703914,0.214125088,0.041800875,-0.041190228,0.049667354,0.044022244,0.033204024,-0.094472511,-0.020859079,-0.06755363,-0.024175236,0.007157446,0.003243678,-0.026634137,0.000646556,-0.028100664,0.024514004,0.087522919,-0.00484146,-0.036897292,0.094427245,-0.084908348,0.066443888,-0.065531755,-0.029130438,0.097744372,0.152972102
3_B_2ndDeg,0.022546073,-0.016582099,0.035055046,-0.008593123,-0.100703914,0.214125088,0.041800875,-0.041190228,0.049667354,0.044022244,0.033204024,-0.094472511,-0.020859079,-0.06755363,-0.024175236,0.007157446,0.003243678,-0.026634137,0.002642709,-0.026917958,0.00726672,0.057633989,0.036535152,-0.02121925,0.040532522,0.001380993,0.281812051,-0.277462706,-0.053754294,-0.088208554,-0.254305685
3_C_2ndDeg,-0.096672842,-0.088645609,0.15306283,0.025153834,-0.019570732,0.156683455,-0.000319673,-0.186910788,-0.171719026,0.017077977,-0.093242913,0.258300448,-0.017911464,-0.104683029,0.601410377,-0.047340758,0.004341183,0.06638644,-0.02144487,-0.275403294,0.028108023,-0.108112084,0.082449892,-0.042821676,0.046787805,0.004247785,0.099459269,0.029233709,0.043782807,-0.009802436,0.048724152
4_A_2ndDeg,-0.011777054,-0.041482476,0.064858893,0.044224111,-0.006275814,0.306329207,-0.023340153,0.355091293,0.121600488,-0.02093682,-0.070539704,0.171325803,0.150206022,0.048389597,-0.037561852,0.064881997,0.102223058,0.131557938,-0.004444634,0.059659122,0.01985352,-0.182149572,0.051902722,0.06003767,0.030785652,0.089682181,0.237652783,-0.147562491,0.034508612,-0.03719862,0.004461823
4_B_2ndDeg,-0.007771988,-0.045039459,0.082438849,0.063443665,0.112085191,0.223431604,-0.029135186,-0.046322104,0.375728112,-0.136210557,-0.046801441,0.131708298,0.201810163,0.034100934,-0.043221393,0.077257417,0.116728533,0.11875509,-0.012729288,-0.090247883,0.041519778,-0.029937084,-0.086335429,-0.027763431,0.031095401,-0.007969326,-0.072371964,0.114315887,-0.021667348,-0.11384926,0.119884038
4_C_2ndDeg,0.035156342,-0.016034058,0.006798817,-0.026625369,0.102954933,0.068972463,0.215045562,-0.164320362,-0.256453181,0.00225616,0.159434903,-0.1679707,-0.08534922,0.143512729,-0.111467668,0.054747364,0.151329214,0.675797409,-0.009729243,-0.121945204,0.013485727,-0.056693666,-0.175586386,-0.046466917,-0.010665511,0.040949494,0.037540573,-0.007522506,0.033392578,0.01442117,0.042149262
4_D_2ndDeg,0.091295531,0.141080681,0.138618419,0.028850496,-0.025104776,0.048880051,0.02530198,0.012279672,0.130080569,0.17026144,0.000144669,-0.229520715,0.005737731,0.706497177,0.245181219,-0.103936971,-0.127920224,-0.076180051,0.018393245,0.021293327,-0.050974153,-0.077387978,0.015043415,0.040976369,-0.103124922,0.080187993,0.07357598,-0.195429356,-0.076722106,-0.019448036,0.07985295
5_A_2ndDeg,-0.000369713,-0.050215743,0.011231222,0.032760945,0.06182509,-0.010808863,0.106563733,0.034069185,0.207456089,0.228601198,0.119971892,0.20389197,-0.086541479,-0.134087046,-0.001903813,-0.148875119,-0.551388199,0.014357992,0.007051999,0.021423669,-0.021412267,-0.005879577,-0.111120997,-0.005706504,-0.025064865,-0.005970143,0.002938312,-0.009677674,-0.03810681,-0.063457322,-0.240934963
5_B_2ndDeg,0.008953272,-0.040663192,-0.007382919,0.027635892,0.077034615,-0.011360779,0.221043158,0.036670675,0.176488995,0.112270828,-0.194761909,0.104252458,-0.229142711,-0.053862571,-0.136762948,-0.531891688,0.040081615,-0.141395433,0.00113553,-0.003455094,-0.016197757,0.00781764,-0.107556222,-0.028523918,-0.022153288,0.088922356,0.016748124,-0.083456478,0.046925669,0.112762766,0.429682559
5_C_2ndDeg,0.036086567,-0.026568192,-0.010384607,-0.010809725,0.037902951,-0.030118529,0.015927781,-0.055658685,-0.085290473,0.24329493,-0.080133309,-0.068747894,0.385844667,-0.064036231,-0.026138044,-0.103664074,0.015330608,0.00737801,0.002286483,0.013031788,-0.005168243,0.004477476,-0.010324229,-0.001293997,-0.002835154,0.02962753,0.048959745,0.073338637,-0.382834472,0.027379373,-0.050488856
5_D_2ndDeg,0.2358504,-0.177010119,0.036530552,0.018523114,-0.029275827,-0.03554475,-0.015070842,0.00790911,-0.006838579,-0.036586686,0.003257155,0.01513273,-0.015132514,0.011049342,0.007592603,0.002172786,-0.001641778,-0.001372956,-0.000764614,0.060561515,0.119504154,-0.029414392,-0.011188473,0.04785084,-0.016978281,0.008259548,-0.024257845,-0.034152421,0.087315042,-0.045922145,0.015180039
6_A_2ndDeg,-0.012396346,0.010828226,-0.072505147,0.390403473,-0.030376449,0.004136274,0.004132414,-0.012437604,-0.031736138,0.003913912,0.010530394,-0.023808956,-0.000231898,-0.005635811,-0.002119336,0.000581407,0.001628311,-0.003173318,0.011907011,0.075897549,-0.028325999,0.025384344,-0.008484492,0.028066768,-0.097802579,-0.065553237,0.037642392,0.00060867,-0.008962554,0.009432363,0.010550121
0_A_3rdDeg,0,0,0,0,0,0,0,0,0,0,0,0,0,0,0,0,0,0,0,0,0,0,0,0,0,0,0,0,0,0,0
1_A_3rdDeg,0,0,0,0,0,0,0,0,0,0,0,0,0,0,0,0,0,0,0,0,0,0,0,0,0,0,0,0,0,0,0
1_B_3rdDeg,0,0,0,0,0,0,0,0,0,0,0,0,0,0,0,0,0,0,0,0,0,0,0,0,0,0,0,0,0,0,0
2_A_3rdDeg,0,0,0,0,0,0,0,0,0,0,0,0,0,0,0,0,0,0,0,0,0,0,0,0,0,0,0,0,0,0,0
3_A_3rdDeg,0.091709803,0.08224605,-0.139496573,-0.021770057,0.017353686,0.060189159,0.045109253,-0.013892623,0.001618347,-0.014993521,0.014250982,0.055913341,0.016877016,-0.032239398,0.145129187,-0.006207193,0.007374855,0.011733138,0.010947752,0.079508086,-0.179004405,-0.002610314,-0.001134009,-0.011720342,0.006978927,0.026607382,0.031551449,-0.004112676,0.023152857,-0.12180324,0.051135132
3_B_3rdDeg,0.091709803,0.08224605,-0.139496573,-0.021770057,0.017353686,0.060189159,0.045109253,-0.013892623,0.001618347,-0.014993521,0.014250982,0.055913341,0.016877016,-0.032239398,0.145129187,-0.006207193,0.007374855,0.011733138,0.010947752,0.079508086,-0.179004405,-0.002610314,-0.001134009,-0.011720342,0.006978927,0.026607382,0.031551449,-0.004112676,0.023152857,-0.12180324,0.051135132
3_C_3rdDeg,0,0,0,0,0,0,0,0,0,0,0,0,0,0,0,0,0,0,0,0,0,0,0,0,0,0,0,0,0,0,0
4_A_3rdDeg,0.047113415,0.031111225,-0.032768345,-0.019841801,0.109496381,0.006003564,0.009317397,-0.010181326,-0.158217383,0.044320061,0.052036613,-0.110578702,-0.100115831,-0.056234239,0.0551295,-0.041195369,-0.06265081,-0.08854842,0.000121831,0.024438963,0.044828351,-0.006397188,0.013296936,0.015587598,0.049230392,-0.050726576,0.056340141,-0.045814835,-0.004987466,0.016256552,-0.007927041
4_B_3rdDeg,0.036002572,0.022740588,-0.021646266,-0.011678092,0.10184912,-0.009313594,0.006022209,-0.074538227,-0.076308433,0.014027756,0.042983837,-0.089536944,-0.066486183,-0.044557123,0.040403868,-0.028833957,-0.044570529,-0.068545123,-0.007954396,-0.012670292,0.060637417,0.000520417,0.023149684,0.00979828,-0.028074674,0.021330062,0.029352464,-0.033570146,-0.001320303,-0.034509084,-0.013781193
4_C_3rdDeg,0.062633267,0.06402151,0.028446945,-0.023620731,0.091333653,-0.043753013,0.014977916,-0.106750372,-0.205875133,0.059597251,0.077227428,-0.178482346,-0.15976189,-0.146511301,0.00698571,-0.049344692,-0.084481275,-0.132903888,-0.002324205,-0.010190712,0.027942678,0.03252643,0.025959205,-0.008213803,0.041990488,-0.03620299,0.059471267,-0.062605965,0.032938481,0.026610235,-0.009266167
4_D_3rdDeg,0.143864063,0.260146798,0.227328908,0.038778538,-0.023425973,-0.07445222,-0.003072598,0.00180507,-0.056956244,-0.061505784,-0.022121688,0.158079647,-0.000876307,-0.373930949,-0.13259601,0.059276626,0.075536675,0.055166326,0.028325759,-0.031626348,-0.062066047,-0.157916073,0.104649359,0.070256375,-0.162174915,0.135282027,0.26764288,-0.421485822,-0.105012238,-0.070208576,0.149413066
5_A_3rdDeg,0.030607267,-0.021829173,-0.036258634,-0.003750958,0.082446312,-0.026918523,0.033311109,-0.061904637,-0.008708035,0.28364775,-0.101021281,0.044311447,-0.189788227,0.064043292,0.032354041,0.142325562,0.689444903,-0.33775119,0.007843149,0.042946785,-0.017708236,0.006466708,-0.067625065,-0.002031891,-0.020601744,0.003640934,0.000159821,-0.024704593,-0.030997352,-0.039929988,-0.14552171
5_B_3rdDeg,0.031770069,-0.022909133,-0.03081608,0.000752929,0.069310516,-0.020819608,0.027391701,-0.052721936,-0.00082102,0.273456544,-0.105771686,0.034100456,0.005453575,0.008864242,-0.009371656,0.75223285,-0.280165226,-0.131029478,0.001775313,0.009969622,-0.011632225,0.012982236,-0.053891095,-0.009622085,-0.010812055,0.047957837,0.006806268,-0.053985896,0.032026139,0.080795784,0.303222418
5_C_3rdDeg,0.075394967,-0.056069878,-0.004296182,-0.00772254,0.033023646,-0.036042654,0.013415974,-0.0543405,-0.086430236,0.237197149,-0.079590449,-0.066225773,0.383322581,-0.062194674,-0.02487261,-0.103301943,0.015056978,0.007149184,-0.005021224,-0.015166371,0.018674795,-0.020696972,0.042512562,0.011793949,0.002510564,0.00364573,0.057443011,0.094510486,-0.372722282,0.00505875,-0.021183084
5_D_3rdDeg,0.2358504,-0.177010119,0.036530552,0.018523114,-0.029275827,-0.03554475,-0.015070842,0.00790911,-0.006838579,-0.036586686,0.003257155,0.01513273,-0.015132514,0.011049342,0.007592603,0.002172786,-0.001641778,-0.001372956,-0.000764614,0.060561515,0.119504154,-0.029414392,-0.011188473,0.04785084,-0.016978281,0.008259548,-0.024257845,-0.034152421,0.087315042,-0.045922145,0.015180039
6_A_3rdDeg,-0.00464863,0.004060585,-0.02718943,0.146401302,-0.011391168,0.001551103,0.001549655,-0.004664101,-0.011901052,0.001467717,0.003948898,-0.008928359,-8.70E-05,-0.002113429,-0.000794751,0.000218028,0.000610617,-0.001189994,0.001273711,0.000592209,-0.000903945,0.000743128,0.003153999,0.008901346,-0.024225701,-0.032075465,0.016067995,0.009465169,0.002334481,0.002765085,0.004894775
0_A_4thDeg,0,0,0,0,0,0,0,0,0,0,0,0,0,0,0,0,0,0,0,0,0,0,0,0,0,0,0,0,0,0,0
1_A_4thDeg,0,0,0,0,0,0,0,0,0,0,0,0,0,0,0,0,0,0,0,0,0,0,0,0,0,0,0,0,0,0,0
1_B_4thDeg,0,0,0,0,0,0,0,0,0,0,0,0,0,0,0,0,0,0,0,0,0,0,0,0,0,0,0,0,0,0,0
2_A_4thDeg,0,0,0,0,0,0,0,0,0,0,0,0,0,0,0,0,0,0,0,0,0,0,0,0,0,0,0,0,0,0,0
3_A_4thDeg,-0.122279737,-0.1096614,0.185995431,0.029026742,-0.023138248,-0.080252213,-0.06014567,0.018523497,-0.002157796,0.019991361,-0.019001309,-0.074551121,-0.022502688,0.042985864,-0.193505583,0.008276257,-0.009833139,-0.015644184,-0.006153134,-0.094883689,-0.062358826,-0.046814251,0.038773137,-0.020863557,0.010208822,0.015674266,0.043173262,0.022110938,0.028545281,0.007981375,-0.02191095
3_B_4thDeg,-0.122279737,-0.1096614,0.185995431,0.029026742,-0.023138248,-0.080252213,-0.06014567,0.018523497,-0.002157796,0.019991361,-0.019001309,-0.074551121,-0.022502688,0.042985864,-0.193505583,0.008276257,-0.009833139,-0.015644184,-0.006153134,-0.094883689,-0.062358826,-0.046814251,0.038773137,-0.020863557,0.010208822,0.015674266,0.043173262,0.022110938,0.028545281,0.007981375,-0.02191095
3_C_4thDeg,-0.122279737,-0.1096614,0.185995431,0.029026742,-0.023138248,-0.080252213,-0.06014567,0.018523497,-0.002157796,0.019991361,-0.019001309,-0.074551121,-0.022502688,0.042985864,-0.193505583,0.008276257,-0.009833139,-0.015644184,-0.006153134,-0.094883689,-0.062358826,-0.046814251,0.038773137,-0.020863557,0.010208822,0.015674266,0.043173262,0.022110938,0.028545281,0.007981375,-0.02191095
4_A_4thDeg,-0.122279737,-0.1096614,0.185995431,0.029026742,-0.023138248,-0.080252213,-0.06014567,0.018523497,-0.002157796,0.019991361,-0.019001309,-0.074551121,-0.022502688,0.042985864,-0.193505583,0.008276257,-0.009833139,-0.015644184,-0.006153134,-0.094883689,-0.062358826,-0.046814251,0.038773137,-0.020863557,0.010208822,0.015674266,0.043173262,0.022110938,0.028545281,0.007981375,-0.02191095
4_B_4thDeg,-0.122279737,-0.1096614,0.185995431,0.029026742,-0.023138248,-0.080252213,-0.06014567,0.018523497,-0.002157796,0.019991361,-0.019001309,-0.074551121,-0.022502688,0.042985864,-0.193505583,0.008276257,-0.009833139,-0.015644184,-0.006153134,-0.094883689,-0.062358826,-0.046814251,0.038773137,-0.020863557,0.010208822,0.015674266,0.043173262,0.022110938,0.028545281,0.007981375,-0.02191095
4_C_4thDeg,-0.036365981,-0.036116103,0.064144623,0.012929953,0.016769669,0.166704583,0.525669315,-0.144820385,-0.232758303,-0.176440821,0.075844012,0.492949436,0.178747879,0.282705958,-0.279511845,0.037371762,-0.031325062,-0.221486232,0.003690919,0.041760251,0.014975347,0.028755341,0.054425326,0.018700362,0.023940724,-0.063538064,-0.019721874,0.023910557,0.000876534,-0.011245319,-0.067987376
4_D_4thDeg,0,0,0,0,0,0,0,0,0,0,0,0,0,0,0,0,0,0,0,0,0,0,0,0,0,0,0,0,0,0,0
5_A_4thDeg,-0.105287402,-0.094670387,0.159308396,0.025879662,-0.003492566,-0.222811879,0.219280438,0.211356469,0.180682012,0.100124208,0.760249575,-0.017444477,0.148158366,-0.101754897,0.194913929,0.04536064,0.151780295,-0.071501658,0.003310021,0.059881305,0.013656529,0.031061126,0.116425889,0.004276961,0.022452876,0.021441672,-0.026227077,-0.043206822,0.008896969,0.023534619,0.114285173
5_B_4thDeg,-0.0707972,-0.064847643,0.109131503,0.019124444,0.017941013,-0.180637481,0.599167426,0.228019059,0.102618295,-0.302127736,-0.33271259,-0.391462092,0.091262555,-0.154600678,0.232294761,0.105298748,0.002517209,-0.038575516,-0.001389912,-0.042768806,-0.016931468,-0.023273824,-0.117707844,-0.003419267,-0.0252557,-0.013051894,0.02563344,0.027538649,-0.007597313,-0.011545124,-0.066735649
5_C_4thDeg,0,0,0,0,0,0,0,0,0,0,0,0,0,0,0,0,0,0,0,0,0,0,0,0,0,0,0,0,0,0,0
5_D_4thDeg,0,0,0,0,0,0,0,0,0,0,0,0,0,0,0,0,0,0,0,0,0,0,0,0,0,0,0,0,0,0,0
6_A_4thDeg,0,0,0,0,0,0,0,0,0,0,0,0,0,0,0,0,0,0,0,0,0,0,0,0,0,0,0,0,0,0,0
0_A_NodeScore,0,0,0,0,0,0,0,0,0,0,0,0,0,0,0,0,0,0,0,0,0,0,0,0,0,0,0,0,0,0,0
1_A_NodeScore,0.022546073,-0.016582099,0.035055046,-0.008593123,-0.100703914,0.214125088,0.041800875,-0.041190228,0.049667354,0.044022244,0.033204024,-0.094472511,-0.020859079,-0.06755363,-0.024175236,0.007157446,0.003243678,-0.026634137,0.000795636,-0.023506878,0.02665552,0.095566544,-0.014994707,-0.039643902,0.104529166,-0.102715138,0.021086819,-0.022950025,-0.025231481,0.058824676,-0.021528907
1_B_NodeScore,0.022546073,-0.016582099,0.035055046,-0.008593123,-0.100703914,0.214125088,0.041800875,-0.041190228,0.049667354,0.044022244,0.033204024,-0.094472511,-0.020859079,-0.06755363,-0.024175236,0.007157446,0.003243678,-0.026634137,0.000795636,-0.023506878,0.02665552,0.095566544,-0.014994707,-0.039643902,0.104529166,-0.102715138,0.021086819,-0.022950025,-0.025231481,0.058824676,-0.021528907
2_A_NodeScore,0.022546073,-0.016582099,0.035055046,-0.008593123,-0.100703914,0.214125088,0.041800875,-0.041190228,0.049667354,0.044022244,0.033204024,-0.094472511,-0.020859079,-0.06755363,-0.024175236,0.007157446,0.003243678,-0.026634137,0.000795636,-0.023506878,0.02665552,0.095566544,-0.014994707,-0.039643902,0.104529166,-0.102715138,0.021086819,-0.022950025,-0.025231481,0.058824676,-0.021528907
3_A_NodeScore,0.007261106,-0.030289774,0.058304475,-0.00496478,-0.103596195,0.204093561,0.034282666,-0.038874791,0.04939763,0.046521164,0.03082886,-0.103791402,-0.023671915,-0.062180397,-0.048363434,0.008191978,0.002014535,-0.02858966,-0.001783205,-0.039088966,0.002633478,0.074568326,0.009390958,-0.035041774,0.062875907,-0.06861156,0.096973216,-0.082197116,0.018825547,0.030097937,-0.006405973
3_B_NodeScore,0.007261106,-0.030289774,0.058304475,-0.00496478,-0.103596195,0.204093561,0.034282666,-0.038874791,0.04939763,0.046521164,0.03082886,-0.103791402,-0.023671915,-0.062180397,-0.048363434,0.008191978,0.002014535,-0.02858966,-0.001783205,-0.039088966,0.002633478,0.074568326,0.009390958,-0.035041774,0.062875907,-0.06861156,0.096973216,-0.082197116,0.018825547,0.030097937,-0.006405973
3_C_NodeScore,-0.310662381,-0.280553059,0.478554835,0.075950633,-0.060062667,0.016242083,-0.105574596,-0.154494668,-0.17549517,0.052062859,-0.126495205,0.127835987,-0.057291168,-0.029457767,0.262775606,-0.032857308,-0.012866811,0.039009118,0.021124978,0.268690936,-0.030390789,0.105529786,-0.109282455,0.03337076,-0.052458422,0.016234475,-0.094488342,-0.043969,-0.036333042,0.025785926,0.014505919
4_A_NodeScore,0.035976792,-0.029137366,0.097702925,0.02924904,0.354965973,0.320284326,-0.065549518,0.53426526,-0.318433716,0.092038433,0.021822452,-0.074105596,-0.078673101,-0.035475343,0.00019235,-0.024669174,-0.042385395,-0.064768899,0.003445304,0.171960799,0.018512162,-0.306509866,-0.038133649,0.107301946,0.139828481,-0.032293417,0.00120611,0.206443635,0.030245326,0.043959277,0.007921146
4_B_NodeScore,0.044654435,-0.036844161,0.13579283,0.070891405,0.611414817,0.140672853,-0.078105423,-0.335463766,0.232176135,-0.157721331,0.073255356,-0.159943525,0.03313587,-0.066434112,-0.012069988,0.002144235,-0.010956866,-0.092508405,0.003466827,0.030689797,0.007060687,0.020820592,0.000853261,0.010395745,-0.010850182,-0.038359416,-0.01256018,0.039705239,-0.018984241,-0.394362059,0.064740798
4_C_NodeScore,0.031570531,0.010642379,0.01562004,-0.020910696,0.084639381,0.027127903,0.155262668,-0.130413708,-0.222652649,0.008794432,0.103443648,-0.080057445,-0.084742319,0.027936232,-0.066738235,-0.007015201,-0.007619998,0.099470185,0.022318972,0.169161009,-0.097580772,0.070433693,-0.060891127,0.004270584,-0.068065392,0.07071152,-0.039324606,-0.069435663,-0.057890401,0.007988906,0.064819678
4_D_NodeScore,0.33106897,0.574658677,0.517499933,0.093481392,-0.064148064,-0.075206982,0.020180983,0.015288122,0.035153495,0.0677518,-0.036724811,0.033945363,0.004277219,0.083278928,0.024187869,-0.005142594,-0.002025766,0.015763826,-0.018393245,-0.021293327,0.050974153,0.077387978,-0.015043415,-0.040976369,0.103124922,-0.080187993,-0.07357598,0.195429356,0.076722106,0.019448036,-0.07985295
5_A_NodeScore,0.005151816,-0.043936899,-0.001216241,0.018617163,0.076187636,-0.044362226,0.088355922,0.00662856,0.121774252,0.278143911,0.06725784,0.123107793,-0.134999472,-0.032360186,0.017551847,0.003205457,0.075794487,-0.030070715,-0.02670544,-0.243646877,0.029183825,-0.088284621,-0.054872598,-0.015065781,0.033080589,-0.064778746,0.015291957,0.155148887,0.047538908,-0.020186592,-0.128363586
5_B_NodeScore,0.013824155,-0.03812064,-0.012885068,0.018034275,0.082173197,-0.037938391,0.182312515,0.013386757,0.106426572,0.185712131,-0.195920413,0.035890293,-0.127706859,-0.031439614,-0.041031559,0.093981687,-0.079768336,-0.007958097,-0.008400919,-0.101252398,0.006878195,-0.064106424,-0.146957686,-0.077499345,-0.03264363,0.093420802,0.03596297,-0.013626983,-0.006124462,-0.04637001,-0.138330869
5_C_NodeScore,0.044509795,-0.032889982,-0.009079945,-0.010148186,0.036857385,-0.031387985,0.015389536,-0.055376216,-0.085534708,0.241988263,-0.080016982,-0.06820744,0.38530422,-0.063641611,-0.025866879,-0.103586475,0.015271973,0.007328976,0.00048284,-0.013568069,-0.009159454,0.005614868,-0.012808983,-0.003508541,-0.009878744,-0.051732547,-0.071926692,-0.183161686,0.767266545,-0.086528127,-0.04139867
5_D_NodeScore,0.6682428,-0.50152867,0.103503229,0.052482155,-0.082948176,-0.100710124,-0.042700719,0.022409144,-0.019375974,-0.103662277,0.009228605,0.042876068,-0.042875456,0.03130647,0.021512376,0.006156227,-0.004651705,-0.003890043,0.010094437,0.030374316,-0.108407746,0.044214498,-0.007531985,-0.02673368,0.00495915,-0.013243063,0.037207827,-0.022464947,-0.04748826,0.045019987,-0.017147008
6_A_NodeScore,-0.026342235,0.023009981,-0.154073437,0.82960738,-0.064549955,0.008789582,0.008781379,-0.026429907,-0.067439294,0.008317062,0.022377087,-0.050594032,-0.000492783,-0.011976098,-0.00450359,0.001235489,0.003460161,-0.006743301,-0.005213034,-0.027493539,-0.001698063,-0.020108432,0.028629937,0.042959881,-0.147093163,-0.175408432,0.06770425,0.059586774,0.018569568,0.015432368,0.014776564